loxy,bod,cod
3.583519,1125,8905
2.0668628,920,7388
1.7227666,835,5348
1.6486586,1000,8056
.69314718,1150,6960
.83290911,990,5690
.26236424,840,6932
.26236424,650,5400
-.51082557,640,3177
-.35667497,583,4461
0,570,3901
0,570,5002
-.22314353,510,4665
-.51082557,555,4642
-.9162907,460,4840
-.35667497,275,4479
-.51082557,510,4200
-.9162907,165,3410
-1.2039728,244,3360
-.10536055,79,2599
